rets,auto_correlation_loss,volatility_clustering_loss,leverage_effect_loss,distribution_loss,total_loss
1,0.0001247268561538249,0.0014420086367291699,6.56274753611785e-05,0.0033412103500616375,0.0003626815697470545
5,0.000170755769954843,0.002209576308275802,0.00015576357329211845,0.004757339413860907,0.0005552098445554512
15,0.0005092213162098898,0.0035427784762215673,0.0005284170276846275,0.007671126827484657,0.0008762817045123929
30,0.0009406080620675285,0.004703046525377199,0.0010888923666251954,0.010440542919765743,0.0012011206927329454
390,0.020032314595103073,0.020532957059887152,0.01321544442298132,0.03252055999102582,0.008797718965498857
