rets,auto_correlation_loss,volatility_clustering_loss,leverage_effect_loss,distribution_loss,total_loss
1,0.0001247268561538262,0.0014422193089319564,6.561596958829549e-05,0.003341210350061695,0.0003627158408280861
5,0.00017075576995484354,0.002209343188252324,0.00015573362649641762,0.004757339413860875,0.0005551591940512274
15,0.0005092213162098843,0.003540976902014181,0.0005283728575050669,0.007671126827484617,0.0008755554311050145
30,0.0009406080620675255,0.0046956445540621075,0.001086958017380371,0.010440542919765622,0.0011978534304756248
420,0.02193720754614014,0.021172196748790395,0.014761947194687333,0.03400101124650212,0.009585038603588355
