rets,auto_correlation_loss,volatility_clustering_loss,leverage_effect_loss,distribution_loss,total_loss
1,0.002171342956828888,0.0029263629203412755,0.002300739132621213,0.0033412103500616375,0.0013698093000799347
5,0.0037460258646427164,0.004948125937372521,0.0034148845470274455,0.004757339413860907,0.002192391828929064
15,0.006818313637448216,0.008650155153302698,0.006654952530988219,0.007671126827484657,0.003602789108124992
30,0.008965622453628759,0.012130223312929976,0.009124957928728162,0.010440542919765743,0.004969400042457357
390,0.04464631013160524,0.03017519224364908,0.03186226566114641,0.03252055999102582,0.020057062407634278
